{"name":"5a508bca-f259-4236-a017-2fc9cbec891a","id":"/providers/Microsoft.Flow/flows/5a508bca-f259-4236-a017-2fc9cbec891a","type":"Microsoft.Flow/flows","properties":{"apiId":"/providers/Microsoft.PowerApps/apis/shared_logicflows","displayName":"Guardar adjuntos en OneDrive","definition":{"metadata":{"workflowEntityId":null,"processAdvisorMetadata":null,"flowChargedByPaygo":null,"flowclientsuspensionreason":"None","flowclientsuspensiontime":null,"flowclientsuspensionreasondetails":null,"creator":{"id":"446c8590-7808-495c-8f07-c6b463997dcb","type":"User","tenantId":"bd697c1b-c481-479c-841e-c618542675c3"},"provisioningMethod":"FromDefinition","failureAlertSubscription":true,"clientLastModifiedTime":"2025-09-08T16:29:34.8259611Z","connectionKeySavedTimeKey":"2025-09-09T03:57:11.8361121Z","creationSource":"Portal","modifiedSources":"Portal"},"$schema":"https://schema.management.azure.com/providers/Microsoft.Logic/schemas/2016-06-01/workflowdefinition.json#","contentVersion":"1.0.0.0","parameters":{"$authentication":{"defaultValue":{},"type":"SecureObject"},"$connections":{"defaultValue":{},"type":"Object"}},"triggers":{"Cuando_llega_un_nuevo_correo_electrónico_(V3)":{"splitOn":"@triggerOutputs()?['body/value']","type":"OpenApiConnectionNotification","inputs":{"host":{"apiId":"/providers/Microsoft.PowerApps/apis/shared_office365","connectionName":"shared_office365","operationId":"OnNewEmailV3"},"authentication":"@parameters('$authentication')"}}},"actions":{"For_each_1":{"foreach":"@triggerOutputs()?['body/attachments']","actions":{"Condición":{"actions":{"For_each":{"foreach":"@triggerOutputs()?['body/attachments']","actions":{"Crear_archivo":{"type":"OpenApiConnection","inputs":{"parameters":{"folderPath":"/Adjuntos_@{triggerOutputs()?['body/from']}_@{formatDateTime(triggerOutputs()?['body/receivedDateTime'], 'yyyy-MM')} ","name":"@item()?['name']","body":"@item()?['contentBytes']"},"host":{"apiId":"/providers/Microsoft.PowerApps/apis/shared_onedriveforbusiness","connectionName":"shared_onedriveforbusiness","operationId":"CreateFile"},"authentication":"@parameters('$authentication')"},"runtimeConfiguration":{"contentTransfer":{"transferMode":"Chunked"}}}},"type":"Foreach"}},"else":{"actions":{}},"expression":{"and":[{"endsWith":["@item()?['name']",".pdf"]}]},"type":"If"}},"runAfter":{},"type":"Foreach"},"Mover_correo_electrónico_(V2)":{"runAfter":{"For_each_1":["Succeeded"]},"metadata":{"Id::AAMkAGI1YmU1MjI4LWE0MWItNDkwOC1hZjY0LTZiNmVkMWIwMDczNgAuAAAAAABjZofTNm2hRbVVLCRUOLLwAQAVV0Ug_ZO5QYzuXTqu36OLAACAO9HUAAA=":"Procesados (Test Power Automate)"},"type":"OpenApiConnection","inputs":{"parameters":{"messageId":"@triggerOutputs()?['body/id']","folderPath":"Id::AAMkAGI1YmU1MjI4LWE0MWItNDkwOC1hZjY0LTZiNmVkMWIwMDczNgAuAAAAAABjZofTNm2hRbVVLCRUOLLwAQAVV0Ug_ZO5QYzuXTqu36OLAACAO9HUAAA="},"host":{"apiId":"/providers/Microsoft.PowerApps/apis/shared_office365","connectionName":"shared_office365","operationId":"MoveV2"},"authentication":"@parameters('$authentication')"}}},"outputs":{}},"connectionReferences":{"shared_office365":{"connectionName":"shared-office365-7faeb2e4-3de9-4d39-92cf-c66f447292cc","source":"Embedded","id":"/providers/Microsoft.PowerApps/apis/shared_office365","tier":"NotSpecified","apiName":"office365","isProcessSimpleApiReferenceConversionAlreadyDone":false},"shared_onedriveforbusiness":{"connectionName":"shared-onedriveforbu-906bd48f-5b91-4137-b769-92be0f177314","source":"Embedded","id":"/providers/Microsoft.PowerApps/apis/shared_onedriveforbusiness","tier":"NotSpecified","apiName":"onedriveforbusiness","isProcessSimpleApiReferenceConversionAlreadyDone":false}},"flowFailureAlertSubscribed":false,"isManaged":false}}